{
    "IsEncrypted": false,
  "Values": {
    "AzureWebJobsStorage": "UseDevelopmentStorage=true",
    "FUNCTIONS_WORKER_RUNTIME": "dotnet-isolated",
    "FileDropSA": "DefaultEndpointsProtocol=https;AccountName=...",
    "cosmosDatabaseName": "loandb",
    "cosmosContainerName": "loan",
    "cosmosConnectionString": "AccountEndpoint=.....;",
    "AZURE_OPENAI_ENDPOINT": "https://harrchenopenai1.openai.azure.com/",
    "AZURE_OPENAI_API_KEY": "...",
    "AZURE_DOCUMENT_INTELLIGENCE_ENDPOINT": "https://harrchendocintel.cognitiveservices.azure.com/",
    "AZURE_DOCUMENT_INTELLIGENCE_KEY": "...",
    "AZURE_OPENAI_MODEL_DEPLOYMENT_NAME": "harrchengpt4o1",
    "MLEndpoint": "https://hackathon2024oct-wyzqw.centralus.inference.ml.azure.com/score",
    "MLKey": "...",
    "storageConnectionString": "DefaultEndpointsProtocol=https;AccountName=....",
    "storageContainerName": "loanapplications",
    "templateContainerName": "template",
    "templateFileName": "loan.json"
  }
}